isbn,author,created_at,image,pages,price,publish_date,publisher,subtitle,title,updated_at
1001590311930,"Cesar de la Torre","2025-08-13 21:23:07.528025",https://itbook.store/img/books/1001590311930.png,80,0.00,2019-12-15,"Microsoft Press",,"Containerized Docker Application Lifecycle with Microsoft Platform and Tools","2025-08-13 21:23:07.528025"
1001590312104,"Cesar de la Torre, Bill Wagner, Mike Rousos","2025-08-13 21:23:18.318313",https://itbook.store/img/books/1001590312104.png,350,0.00,2020-09-29,"Microsoft Press","Architecture for Containerized .NET Applications",".NET Microservices","2025-08-13 21:23:18.318313"
1001591613364,"Rafael Gomes","2025-08-13 21:23:07.854004",https://itbook.store/img/books/1001591613364.png,150,0.00,2017-05-29,Leanpub,,"Docker for Developers","2025-08-13 21:23:07.854004"
1001592208320,"Karl Seguin","2025-08-13 21:23:05.563420",https://itbook.store/img/books/1001592208320.png,66,0.00,2016-01-05,Self-publishing,,"The Little MongoDB Book","2025-08-13 21:23:05.563420"
1001629462276,"Stack Overflow Community","2025-08-13 21:23:05.990966",https://itbook.store/img/books/1001629462276.png,86,0.00,2019-10-06,Self-publishing,,"Learning MongoDB","2025-08-13 21:23:05.990966"
1001635168919,"Elton Stoneman","2025-08-13 21:23:08.173770",https://itbook.store/img/books/1001635168919.png,98,0.00,2018-07-11,Syncfusion,,"Docker Succinctly","2025-08-13 21:23:08.173770"
1001649073143,"Marko Anastasov, Jerome Petazzoni, Pablo Tom Zavalia","2025-08-13 21:23:08.492458",https://itbook.store/img/books/1001649073143.png,92,0.00,2021-04-13,Self-publishing,"How to Deliver Cloud Native Applications at High Velocity","CI/CD with Docker and Kubernetes","2025-08-13 21:23:08.492458"
1001650286196,"Stack Overflow Community","2025-08-13 21:23:06.311212",https://itbook.store/img/books/1001650286196.png,72,0.00,2018-11-21,Self-publishing,,"MongoDB Notes for Professionals","2025-08-13 21:23:06.311212"
1001651853027,JCGs,"2025-08-13 21:23:16.859543",https://itbook.store/img/books/1001651853027.png,99,0.00,2016-08-11,Self-publishing,,"Spring Data Programming Cookbook","2025-08-13 21:23:16.859543"
1001652288295,"Michele Aponte","2025-08-13 21:23:08.809679",https://itbook.store/img/books/1001652288295.png,91,0.00,2019-05-08,Syncfusion,,"Using .NET Core, Docker, and Kubernetes Succinctly","2025-08-13 21:23:08.809679"
1001656317888,"John McCabe, Michael Friis","2025-08-13 21:23:18.636971",https://itbook.store/img/books/1001656317888.png,83,0.00,2017-11-01,"Microsoft Press",,"Introduction to Windows Containers","2025-08-13 21:23:18.636971"
9780134655536,"Brad Dayley, Brendan Dayley, Caleb Dayley","2025-08-13 21:23:06.630859",https://itbook.store/img/books/9780134655536.png,640,12.85,2017-12-14,Addison-Wesley,"The definitive guide to using the MEAN stack to build web applications","Node.js, MongoDB and Angular Web Development, 2nd Edition","2025-08-13 21:23:06.630859"
9780134858333,"John L. Viescas","2025-08-13 21:23:03.134512",https://itbook.store/img/books/9780134858333.png,960,18.13,2018-05-19,Addison-Wesley,"A Hands-On Guide to Data Manipulation in SQL","SQL Queries for Mere Mortals, 4th Edition","2025-08-13 21:23:03.134512"
9780135561089,"Randolph West, Melody Zacharias, William Assaf, Sven Aelterman, Louis Davidson, Joseph D'Antoni","2025-08-13 21:23:03.480462",https://itbook.store/img/books/9780135561089.png,992,48.15,2020-10-24,"Microsoft Press",,"SQL Server 2019 Administration Inside Out","2025-08-13 21:23:03.480462"
9780136819387,"Arvind Chandaka, Ovais Mehboob Ahmed Khan","2025-08-13 21:23:18.946004",https://itbook.store/img/books/9780136819387.png,304,41.93,2021-11-03,"Microsoft Press",,"Developing Microservices Architecture on Microsoft Azure with Open Source Technologies","2025-08-13 21:23:18.946004"
9780137843749,"Michael Hartl","2025-08-13 21:23:02.921816",https://itbook.store/img/books/9780137843749.png,304,31.98,2022-03-23,Addison-Wesley,"Write Programs, Publish Packages, and Develop Interactive Websites with JavaScript","Learn Enough JavaScript to Be Dangerous","2025-08-13 21:23:04.787614"
9780321497642,"Eric Johnson, Joshua Jones","2025-08-13 21:23:03.819196",https://itbook.store/img/books/9780321497642.png,304,6.15,2008-03-05,Addison-Wesley,"Covering SQL Server 2005 and 2008","A Developer's Guide to Data Modeling for SQL Server","2025-08-13 21:23:03.819196"
9780321503626,"Steve Freeman, Nat Pryce","2025-08-13 21:23:05.121794",https://itbook.store/img/books/9780321503626.png,384,28.25,2009-03-10,Addison-Wesley,,"Growing Object-Oriented Software, Guided by Tests","2025-08-13 21:23:05.121794"
9780321683915,"Christian Johansen","2025-08-13 21:23:03.239452",https://itbook.store/img/books/9780321683915.png,600,10.29,2010-08-21,Addison-Wesley,,"Test-Driven JavaScript Development","2025-08-13 21:23:05.512440"
9780321774187,"Graham Lee","2025-08-13 21:23:05.915497",https://itbook.store/img/books/9780321774187.png,256,3.99,2012-01-07,Addison-Wesley,,"Test-Driven iOS Development","2025-08-13 21:23:05.915497"
9780321812186,"David Herman","2025-08-13 21:23:02.269484",https://itbook.store/img/books/9780321812186.png,240,21.99,2012-04-28,Addison-Wesley,"68 Specific Ways to Harness the Power of JavaScript","Effective JavaScript","2025-08-13 21:23:02.269484"
9780321832740,"Tim Wright","2025-08-13 21:23:03.557466",https://itbook.store/img/books/9780321832740.png,360,8.99,2012-04-20,Addison-Wesley,"A Hands-On Guide to the Fundamentals of Modern JavaScript","Learning JavaScript","2025-08-13 21:23:03.557466"
9780321918963,"Brad Dayley","2025-08-13 21:23:03.877503",https://itbook.store/img/books/9780321918963.png,384,14.48,2013-03-14,Addison-Wesley,,"jQuery and JavaScript Phrasebook","2025-08-13 21:23:03.877503"
9780470440919,"Chris Leiter, Dan Wood, Michael Cierkowski, Albert Boettger","2025-08-13 21:23:04.158038",https://itbook.store/img/books/9780470440919.png,816,5.17,2009-12-01,Wrox,,"Beginning Microsoft SQL Server 2008 Administration","2025-08-13 21:23:04.158038"
9780470929964,"Allen G. Taylor","2025-08-13 21:23:05.239375",https://itbook.store/img/books/9780470929964.png,744,7.49,2011-07-17,Wiley,,"SQL All-in-One For Dummies, 2nd Edition","2025-08-13 21:23:05.239375"
9780596002688,"Mark Gurry","2025-08-13 21:23:05.587971",https://itbook.store/img/books/9780596002688.png,112,6.76,2002-05-02,"O'Reilly Media",,"Oracle SQL Tuning Pocket Reference","2025-08-13 21:23:05.587971"
9780596514044,"Steven Feuerstein, Bill Pribyl, Chip Dawes","2025-08-13 21:23:06.004217",https://itbook.store/img/books/9780596514044.png,180,5.98,2007-06-21,"O'Reilly Media","A Guide to Oracle's PL/SQL Language Fundamentals","Oracle PL/SQL Language Pocket Reference, 4th Edition","2025-08-13 21:23:06.004217"
9780596517748,"Douglas Crockford","2025-08-13 21:23:04.197068",https://itbook.store/img/books/9780596517748.png,172,4.37,2008-08-09,"O'Reilly Media","Unearthing the Excellence in JavaScript","JavaScript: The Good Parts","2025-08-13 21:23:04.197068"
9780596520830,"Alan Beaulieu","2025-08-13 21:23:06.341916",https://itbook.store/img/books/9780596520830.png,336,14.50,2009-08-03,"O'Reilly Media","Master SQL Fundamentals","Learning SQL, 2nd Edition","2025-08-13 21:23:06.341916"
9780596521189,"Jay A. Kreibich","2025-08-13 21:23:06.678647",https://itbook.store/img/books/9780596521189.png,528,28.61,2010-04-23,"O'Reilly Media","Small. Fast. Reliable. Choose Any Three.","Using SQLite","2025-08-13 21:23:06.678647"
9780596523060,"C. J. Date","2025-08-13 21:23:07.339141",https://itbook.store/img/books/9780596523060.png,428,3.50,2009-10-24,"O'Reilly Media","How to Write Accurate SQL Code","SQL and Relational Theory","2025-08-13 21:23:07.339141"
9780596526849,"Lynn Beighley","2025-08-13 21:23:07.678109",https://itbook.store/img/books/9780596526849.png,608,11.09,2007-06-10,"O'Reilly Media","Your Brain on SQL - A Learner's Guide","Head First SQL","2025-08-13 21:23:07.678109"
9780596527747,"Michael Morrison","2025-08-13 21:23:04.516716",https://itbook.store/img/books/9780596527747.png,656,7.72,2007-02-17,"O'Reilly Media","A Learner's Companion to JavaScript","Head First JavaScript","2025-08-13 21:23:04.516716"
9780596802790,"Nicholas C. Zakas","2025-08-13 21:23:04.857908",https://itbook.store/img/books/9780596802790.png,240,19.59,2010-11-26,"O'Reilly Media","Build Faster Web Application Interfaces","High Performance JavaScript","2025-08-13 21:23:04.857908"
9780596805784,"Jonathan Stark","2025-08-13 21:23:05.179235",https://itbook.store/img/books/9780596805784.png,186,5.00,2010-02-18,"O'Reilly Media","Making App Store Apps Without Objective-C or Cocoa","Building iPhone Apps with HTML, CSS, and JavaScript","2025-08-13 21:23:05.179235"
9780596806132,"Shelley Powers","2025-08-13 21:23:05.811684",https://itbook.store/img/books/9780596806132.png,560,7.98,2010-11-24,"O'Reilly Media","Programming the Web","JavaScript Cookbook","2025-08-13 21:23:05.811684"
9780672330445,"Ross Mistry, Hilary Cotter","2025-08-13 21:23:08.018263",https://itbook.store/img/books/9780672330445.png,912,9.87,2008-03-18,"SAMS Publishing",,"Microsoft SQL Server 2008 Management and Administration","2025-08-13 21:23:08.018263"
9780672335419,"Ryan Stephens, Ron Plew, Arie D. Jones","2025-08-13 21:23:08.360661",https://itbook.store/img/books/9780672335419.png,504,6.69,2011-09-19,"SAMS Publishing",,"Sams Teach Yourself SQL in 24 Hours, 5th Edition","2025-08-13 21:23:08.360661"
9780672337666,"Jeffrey T. Fritz","2025-08-13 21:23:19.264636",https://itbook.store/img/books/9780672337666.png,384,11.39,2017-05-05,"SAMS Publishing",,"Sams Teach Yourself ASP.NET Core in 24 Hours","2025-08-13 21:23:19.264636"
9780672337925,"Ben Forta","2025-08-13 21:23:08.701247",https://itbook.store/img/books/9780672337925.png,368,17.59,2017-05-25,"SAMS Publishing",,"Sams Teach Yourself Microsoft SQL Server T-SQL in 10 Minutes, 2nd Edition","2025-08-13 21:23:08.701247"
9780735645523,"Steve Suehring","2025-08-13 21:23:06.120554",https://itbook.store/img/books/9780735645523.png,504,1.49,2010-03-31,"Microsoft Press",,"JavaScript Step by Step, 2nd Edition","2025-08-13 21:23:06.120554"
9780735658189,"Marco Russo, Alberto Ferrari, Chris Webb","2025-08-13 21:23:09.040468",https://itbook.store/img/books/9780735658189.png,656,9.75,2012-10-08,"Microsoft Press","The BISM Tabular Model","Microsoft SQL Server 2012 Analysis Services","2025-08-13 21:23:09.040468"
9780735658226,"Leonard Lobel, Andrew Brust","2025-08-13 21:23:09.377485",https://itbook.store/img/books/9780735658226.png,816,21.95,2012-01-04,"Microsoft Press",,"Programming Microsoft SQL Server 2012","2025-08-13 21:23:09.377485"
9780735658363,"Itzik Ben-Gan","2025-08-13 21:23:09.715088",https://itbook.store/img/books/9780735658363.png,244,26.72,2012-03-20,"Microsoft Press",,"Microsoft SQL Server 2012 High-Performance T-SQL Using Window Functions","2025-08-13 21:23:09.715088"
9780735665859,"Wee-Hyong Tok, Rakesh Parida, Matt Masson, Xiaoning Ding, Kaarthik Sivashanmugam","2025-08-13 21:23:10.055808",https://itbook.store/img/books/9780735665859.png,668,8.80,2012-10-23,"Microsoft Press",,"Microsoft SQL Server 2012 Integration Services","2025-08-13 21:23:10.055808"
9780735665934,"Steve Suehring","2025-08-13 21:23:06.430658",https://itbook.store/img/books/9780735665934.png,482,21.43,2013-08-15,"Microsoft Press",,"JavaScript Step by Step, 3rd Edition","2025-08-13 21:23:06.430658"
9780764584336,"Robert Vieira","2025-08-13 21:23:10.392270",https://itbook.store/img/books/9780764584336.png,688,3.74,2006-07-21,Wrox,,"Beginning SQL Server 2005 Programming","2025-08-13 21:23:10.392270"
9780987332103,"Don Nguyen","2025-08-13 21:23:17.176845",https://itbook.store/img/books/9780987332103.png,150,19.07,2012-09-12,SitePoint,,"Jump Start Node.js","2025-08-13 21:23:17.176845"
9780999773055,"Kathleen Juell","2025-08-13 21:23:17.515605",https://itbook.store/img/books/9780999773055.png,255,0.00,2020-04-01,DigitalOcean,,"From Containers to Kubernetes with Node.js","2025-08-13 21:23:17.515605"
9780999773086,"Kathleen Juell","2025-08-13 21:23:19.583739",https://itbook.store/img/books/9780999773086.png,316,0.00,2020-04-03,DigitalOcean,,"Rails on Containers","2025-08-13 21:23:19.583739"
9781098106478,"Saleem Siddiqui","2025-08-13 21:23:06.539563",https://itbook.store/img/books/9781098106478.png,280,53.16,2021-06-11,"O'Reilly Media","A Polyglot Guide to Writing Uncluttered Code","Learning Test-Driven Development","2025-08-13 21:23:06.539563"
9781098110000,"Boni Garcia","2025-08-13 21:23:19.902962",https://itbook.store/img/books/9781098110000.png,392,41.99,2022-07-30,"O'Reilly Media","A Deep Dive into the Development of End-to-End Tests","Hands-On Selenium WebDriver with Java","2025-08-13 21:23:19.902962"
9781098131821,"Sean P. Kane, Karl Matthias","2025-08-13 21:23:09.131623",https://itbook.store/img/books/9781098131821.png,422,41.99,2023-06-27,"O'Reilly Media","Shipping Reliable Containers in Production","Docker: Up & Running, 3rd Edition","2025-08-13 21:23:09.131623"
9781098139872,"Addy Osmani","2025-08-13 21:23:06.745144",https://itbook.store/img/books/9781098139872.png,296,28.92,2023-04-25,"O'Reilly Media","A JavaScript and React Developer&#039;s Guide","Learning JavaScript Design Patterns, 2nd Edition","2025-08-13 21:23:06.745144"
9781118101117,"Paul Turley, Robert M. Bruckner, Thiago Silva, Ken Withee, Grant Paisley","2025-08-13 21:23:11.039304",https://itbook.store/img/books/9781118101117.png,912,7.49,2012-12-14,Wrox,,"Professional Microsoft SQL Server 2012 Reporting Services","2025-08-13 21:23:11.039304"
9781118101124,"Brian Knight, Erik Veerman, Jessica M. Moss, Mike Davis, Chris Rock","2025-08-13 21:23:11.361369",https://itbook.store/img/books/9781118101124.png,960,32.99,2012-12-10,Wrox,,"Professional Microsoft SQL Server 2012 Integration Services","2025-08-13 21:23:11.361369"
9781118794753,"Jon Galloway, Brad Wilson, K. Scott Allen, David Matson","2025-08-13 21:23:06.857965",https://itbook.store/img/books/9781118794753.png,624,31.59,2014-04-05,Wrox,,"Professional ASP.NET MVC 5","2025-08-13 21:23:06.857965"
9781118901229,"David Sale","2025-08-13 21:23:02.496653",https://itbook.store/img/books/9781118901229.png,240,21.19,2014-09-14,Wiley,"Applying Unit Testing, TDD, BDD and Acceptance Testing","Testing Python","2025-08-13 21:23:02.496653"
9781119028727,"Lawrence Spencer, Seth Richards","2025-08-13 21:23:07.056514",https://itbook.store/img/books/9781119028727.png,528,14.74,2015-01-31,Wrox,"How to Code Safely in the World's Most Dangerous Language","Reliable JavaScript","2025-08-13 21:23:07.056514"
9781430215943,"Hilary Cotter, Michael Coles","2025-08-13 21:23:11.683395",https://itbook.store/img/books/9781430215943.png,312,26.72,2008-10-14,Apress,,"Pro Full-Text Search in SQL Server 2008","2025-08-13 21:23:11.683395"
9781430227519,"Bart Weller","2025-08-13 21:23:12.003561",https://itbook.store/img/books/9781430227519.png,256,17.99,2010-04-27,Apress,"Model-Driven Application Development in SQL Server 2008","Beginning SQL Server Modeling","2025-08-13 21:23:12.003561"
9781430229438,"Matt Stephens, Doug Rosenberg","2025-08-13 21:23:07.177979",https://itbook.store/img/books/9781430229438.png,368,24.99,2010-01-23,Apress,"Test Smarter, Not Harder","Design Driven Testing","2025-08-13 21:23:07.177979"
9781430230519,"Eelco Plugge, Tim Hawkins, Peter Membrey","2025-08-13 21:23:06.952743",https://itbook.store/img/books/9781430230519.png,328,39.99,2010-07-29,Apress,"The NoSQL Database for Cloud and Desktop Computing","The Definitive Guide to MongoDB","2025-08-13 21:23:06.952743"
9781430236924,"Francis Rodrigues, Michael Coles, David Dye","2025-08-13 21:23:12.321976",https://itbook.store/img/books/9781430236924.png,636,49.10,2012-03-22,Apress,,"Pro SQL Server 2012 Integration Services","2025-08-13 21:23:12.321976"
9781430238102,"Brian McDonald, Shawn McGehee, Rodney Landrum","2025-08-13 21:23:12.642284",https://itbook.store/img/books/9781430238102.png,516,25.17,2012-03-15,Apress,,"Pro SQL Server 2012 Reporting Services, 3rd Edition","2025-08-13 21:23:12.642284"
9781430243953,"Scott Klein, Herve Roggero","2025-08-13 21:23:12.963412",https://itbook.store/img/books/9781430243953.png,320,49.99,2012-04-21,Apress,"SQL Server in the Cloud","Pro SQL Database for Windows Azure, 2nd Edition","2025-08-13 21:23:12.963412"
9781430246299,"Thomas Valentine, Jonathan Reid","2025-08-13 21:23:07.369324",https://itbook.store/img/books/9781430246299.png,296,35.65,2013-06-18,Apress,,"JavaScript Programmer's Reference","2025-08-13 21:23:07.369324"
9781430250920,"Russ Ferguson, Christian Heilmann","2025-08-13 21:23:07.678109",https://itbook.store/img/books/9781430250920.png,388,29.00,2013-01-31,Apress,,"Beginning JavaScript with DOM Scripting and Ajax, 2nd Edition","2025-08-13 21:23:07.678109"
9781430257943,"Anghel Leonard","2025-08-13 21:23:07.274534",https://itbook.store/img/books/9781430257943.png,384,47.27,2013-12-23,Apress,,"Pro Hibernate and MongoDB","2025-08-13 21:23:07.274534"
9781430259442,"Shane Hudson","2025-08-13 21:23:07.989435",https://itbook.store/img/books/9781430259442.png,184,30.64,2014-03-13,Apress,"Exploring the Modern Capabilities of JavaScript and HTML5","JavaScript Creativity","2025-08-13 21:23:07.989435"
9781430263371,"Dev Ramtal, Adrian Dobre","2025-08-13 21:23:08.299930",https://itbook.store/img/books/9781430263371.png,508,49.99,2014-12-02,Apress,"with HTML5 Canvas","Physics for JavaScript Games, Animation, and Simulations","2025-08-13 21:23:08.299930"
9781430267737,"Robert Pearl","2025-08-13 21:23:13.595409",https://itbook.store/img/books/9781430267737.png,408,42.95,2015-09-02,Apress,"A Comprehensive Guide to Healthy SQL Server Performance","Healthy SQL","2025-08-13 21:23:13.595409"
9781449303211,"Kristina Chodorow","2025-08-13 21:23:07.595346",https://itbook.store/img/books/9781449303211.png,62,16.99,2011-12-30,"O'Reilly Media","Sharding, Cluster Setup, and Administration","Scaling MongoDB","2025-08-13 21:23:07.595346"
9781449304614,"Kristina Chodorow","2025-08-13 21:23:07.916639",https://itbook.store/img/books/9781449304614.png,66,7.00,2011-10-10,"O'Reilly Media","Get the Most Out of Your Database","50 Tips and Tricks for MongoDB Developers","2025-08-13 21:23:07.916639"
9781449310370,"Niall O'Higgins","2025-08-13 21:23:02.362813",https://itbook.store/img/books/9781449310370.png,68,6.88,2011-07-02,"O'Reilly Media","Patterns and processes for the popular document-oriented database","MongoDB and Python","2025-08-13 21:23:02.362813"
9781449314361,"Steve Francia","2025-08-13 21:23:08.239004",https://itbook.store/img/books/9781449314361.png,78,14.99,2012-01-24,"O'Reilly Media","Document-Oriented Data for Web Developers","MongoDB and PHP","2025-08-13 21:23:08.239004"
9781449316402,"C.J. Date","2025-08-13 21:23:13.919360",https://itbook.store/img/books/9781449316402.png,448,16.10,2011-11-15,"O'Reilly Media","How to Write Accurate SQL Code","SQL and Relational Theory, 2nd Edition","2025-08-13 21:23:13.919360"
9781449319267,"Robin Nixon","2025-08-13 21:23:08.612145",https://itbook.store/img/books/9781449319267.png,584,25.00,2012-10-04,"O'Reilly Media","A Step-by-Step Guide to Creating Dynamic Websites","Learning PHP, MySQL, JavaScript, and CSS, 2nd Edition","2025-08-13 21:23:08.612145"
9781449320195,"Stoyan Stefanov","2025-08-13 21:23:09.219755",https://itbook.store/img/books/9781449320195.png,160,10.50,2013-05-15,"O'Reilly Media","A Concise Guide to Mastering JavaScript","JavaScript for PHP Developers","2025-08-13 21:23:09.219755"
9781449320515,"Wesley Hales","2025-08-13 21:23:09.529799",https://itbook.store/img/books/9781449320515.png,172,3.88,2012-09-03,"O'Reilly Media","Building Apps for the Open Web","HTML5 and JavaScript Web Apps","2025-08-13 21:23:09.529799"
9781449331818,"Addy Osmani","2025-08-13 21:23:09.839531",https://itbook.store/img/books/9781449331818.png,150,23.49,2012-08-19,"O'Reilly Media","A JavaScript and jQuery Developer's Guide","Learning JavaScript Design Patterns","2025-08-13 21:23:09.839531"
9781449337391,"Mike Wilson","2025-08-13 21:23:02.677477",https://itbook.store/img/books/9781449337391.png,204,4.85,2012-05-02,"O'Reilly Media","Rapid Prototyping and Scalable Deployment","Building Node Applications with MongoDB and Backbone","2025-08-13 21:23:02.677477"
9781449339197,"Jurg van Vliet, Flavia Paganelli, Jasper Geurtsen","2025-08-13 21:23:17.835731",https://itbook.store/img/books/9781449339197.png,150,11.92,2013-03-23,"O'Reilly Media","Engineering at Cloud Scale","Resilience and Reliability on AWS","2025-08-13 21:23:17.835731"
9781449339951,"Nicholas C. Zakas","2025-08-13 21:23:10.152227",https://itbook.store/img/books/9781449339951.png,16,0.00,2012-08-18,"O'Reilly Media","Why reliance on native JavaScript APIs leads to disadvantages","The Problem with Native JavaScript APIs","2025-08-13 21:23:10.152227"
9781449340049,"Rick Copeland","2025-08-13 21:23:08.560765",https://itbook.store/img/books/9781449340049.png,176,29.99,2013-02-10,"O'Reilly Media","Practical Use Cases with the Leading NoSQL Database","MongoDB Applied Design Patterns","2025-08-13 21:23:08.560765"
9781449342883,"Cody Lindley","2025-08-13 21:23:10.460923",https://itbook.store/img/books/9781449342883.png,166,9.93,2012-05-28,"O'Reilly Media","From Library User to JavaScript Developer","JavaScript Enlightenment","2025-08-13 21:23:10.460923"
9781449344689,"Kristina Chodorow","2025-08-13 21:23:09.187526",https://itbook.store/img/books/9781449344689.png,432,17.95,2013-06-27,"O'Reilly Media","Powerful and Scalable Data Storage","MongoDB: The Definitive Guide, 2nd Edition","2025-08-13 21:23:09.187526"
9781449356378,"Evan Hahn","2025-08-13 21:23:10.769883",https://itbook.store/img/books/9781449356378.png,52,9.22,2013-04-18,"O'Reilly Media","JavaScript Behavior-Driven Development","JavaScript Testing with Jasmine","2025-08-13 21:23:10.769883"
9781449358327,"Tom Marrs","2025-08-13 21:23:18.151348",https://itbook.store/img/books/9781449358327.png,363,40.49,2017-01-14,"O'Reilly Media","Practical Data Integration for the Web","JSON at Work","2025-08-13 21:23:18.151348"
9781449364823,"Harry J.W. Percival","2025-08-13 21:23:07.501516",https://itbook.store/img/books/9781449364823.png,480,3.02,2014-01-23,"O'Reilly Media","Obey the Testing Goat: Using Django, Selenium, and JavaScript","Test-Driven Development with Python","2025-08-13 21:23:07.501516"
9781449374068,"Matthew Kirk","2025-08-13 21:23:07.820602",https://itbook.store/img/books/9781449374068.png,236,21.79,2014-01-05,"O'Reilly Media","A Test-Driven Approach","Thoughtful Machine Learning","2025-08-13 21:23:07.820602"
9781449381561,"Kristina Chodorow, Michael Dirolf","2025-08-13 21:23:09.506972",https://itbook.store/img/books/9781449381561.png,216,4.85,2010-03-23,"O'Reilly Media","Powerful and Scalable Data Storage","MongoDB: The Definitive Guide","2025-08-13 21:23:09.506972"
9781449394097,"Jonathan Gennick","2025-08-13 21:23:14.550932",https://itbook.store/img/books/9781449394097.png,208,6.47,2010-11-11,"O'Reilly Media","A Guide to SQL Usage","SQL Pocket Guide, 3rd Edition","2025-08-13 21:23:14.550932"
9781449399023,"David Sawyer McFarland","2025-08-13 21:23:11.088871",https://itbook.store/img/books/9781449399023.png,536,3.99,2011-12-29,"O'Reilly Media",,"JavaScript & jQuery: The Missing Manual, 2nd Edition","2025-08-13 21:23:11.088871"
9781457104510,"Jack Moffitt","2025-08-13 21:23:11.398072",https://itbook.store/img/books/9781457104510.png,480,0.00,2010-11-05,Wrox,,"Professional XMPP Programming with JavaScript and jQuery","2025-08-13 21:23:11.398072"
9781457107795,"Paul Wilton, John Colby","2025-08-13 21:23:14.870370",https://itbook.store/img/books/9781457107795.png,518,0.00,2005-05-10,Wrox,,"Beginning SQL","2025-08-13 21:23:14.870370"
9781484206485,"Shakuntala Gupta Edward, Navin Sabharwal","2025-08-13 21:23:02.987694",https://itbook.store/img/books/9781484206485.png,272,41.65,2015-07-15,Apress,"Architecting, Developing, and Administering MongoDB","Practical MongoDB","2025-08-13 21:23:02.987694"
9781484208960,"David Hows, Peter Membrey, Eelco Plugge","2025-08-13 21:23:09.830097",https://itbook.store/img/books/9781484208960.png,144,27.41,2014-08-16,Apress,,"MongoDB Basics","2025-08-13 21:23:09.830097"
9781484210536,"Shiju Varghese","2025-08-13 21:23:18.470618",https://itbook.store/img/books/9781484210536.png,312,29.18,2016-05-29,Apress,"Building Scalable Web Apps and RESTful Services","Web Development with Go","2025-08-13 21:23:18.470618"
9781484211403,"Enrico van de Laar","2025-08-13 21:23:15.189202",https://itbook.store/img/books/9781484211403.png,336,40.30,2015-03-06,Apress,,"Pro SQL Server Wait Statistics","2025-08-13 21:23:15.189202"
9781484211830,"David Hows, Eelco Plugge, Peter Membrey, Tim Hawkins","2025-08-13 21:23:03.296764",https://itbook.store/img/books/9781484211830.png,376,49.99,2015-12-23,Apress,"A complete guide to dealing with Big Data using MongoDB","The Definitive Guide to MongoDB, 3rd Edition","2025-08-13 21:23:03.296764"
9781484212226,"Amrith Kumar, Douglas Shelley","2025-08-13 21:23:18.809206",https://itbook.store/img/books/9781484212226.png,336,38.46,2015-08-18,Apress,,"OpenStack Trove","2025-08-13 21:23:18.809206"
9781484214350,"Deepak Vohra","2025-08-13 21:23:19.127276",https://itbook.store/img/books/9781484214350.png,352,38.06,2015-04-27,Apress,"A NoSQL Platform for the Enterprise","Pro Couchbase Development","2025-08-13 21:23:19.127276"
9781484217504,"Azat Mardan","2025-08-13 21:23:10.151177",https://itbook.store/img/books/9781484217504.png,224,46.99,2015-02-10,Apress,"Learn Backbone.js, Node.js and MongoDB","Full Stack JavaScript","2025-08-13 21:23:10.151177"
9781484218297,"Deepak Vohra","2025-08-13 21:23:09.449409",https://itbook.store/img/books/9781484218297.png,276,44.99,2015-12-31,Apress,"Learn how to use Containers as a Service for development and deployment","Pro Docker","2025-08-13 21:23:09.449409"
9781484219065,"Deepak Vohra","2025-08-13 21:23:10.077241",https://itbook.store/img/books/9781484219065.png,456,49.99,2016-09-14,Apress,,"Kubernetes Microservices with Docker","2025-08-13 21:23:10.077241"
9781484232606,"Doug Dockery, Laureen Knudsen","2025-08-13 21:23:10.397505",https://itbook.store/img/books/9781484232606.png,156,20.35,2018-10-13,Apress,"Creating a Built-to-Change Organization","Modern Business Management","2025-08-13 21:23:10.397505"
9781484232699,"Rami Vemula","2025-08-13 21:23:10.717568",https://itbook.store/img/books/9781484232699.png,598,45.13,2017-08-25,Apress,"With ASP.NET Core, SignalR, Docker, and Azure","Real-Time Web Application Development","2025-08-13 21:23:10.717568"
9781484235751,"Rahul Batra","2025-08-13 21:23:15.507694",https://itbook.store/img/books/9781484235751.png,194,30.89,2018-06-08,Apress,"An Accelerated Introduction to SQL Basics","SQL Primer","2025-08-13 21:23:15.507694"
9781484235966,"David Paper","2025-08-13 21:23:10.469860",https://itbook.store/img/books/9781484235966.png,214,18.32,2018-04-25,Apress,,"Data Science Fundamentals for Python and MongoDB","2025-08-13 21:23:10.469860"
9781484236543,"Brandon Atkinson, Dallas Edwards","2025-08-13 21:23:02.805065",https://itbook.store/img/books/9781484236543.png,127,32.99,2018-11-09,Apress,"The DevOps Guide to Building Reusable, Platform Agnostic CI/CD Frameworks","Generic Pipelines Using Docker","2025-08-13 21:23:02.805065"
9781484237175,"Azat Mardan","2025-08-13 21:23:10.789672",https://itbook.store/img/books/9781484237175.png,300,37.99,2018-06-23,Apress,"Learn Backbone.js, Node.js, and MongoDB","Full Stack JavaScript, 2nd Edition","2025-08-13 21:23:10.789672"
9781484237830,"Sathyajith Bhat","2025-08-13 21:23:03.122993",https://itbook.store/img/books/9781484237830.png,186,24.82,2018-10-18,Apress,"Build, Release and Distribute your Python App with Docker","Practical Docker with Python","2025-08-13 21:23:03.122993"
9781484238639,"Jeanine Meyer","2025-08-13 21:23:11.734310",https://itbook.store/img/books/9781484238639.png,425,28.32,2018-04-22,Apress,"Build on your Basic Knowledge of HTML5 and JavaScript to Create Substantial HTML5 Applications","HTML5 and JavaScript Projects, 2nd edition","2025-08-13 21:23:11.734310"
9781484238967,"Pierluigi Riti","2025-08-13 21:23:11.058446",https://itbook.store/img/books/9781484238967.png,278,23.84,2018-06-26,Apress,"With Docker, Jenkins, and Kubernetes","Pro DevOps with Google Cloud Platform","2025-08-13 21:23:11.058446"
9781484239353,"Kinnary Jangla","2025-08-13 21:23:03.442792",https://itbook.store/img/books/9781484239353.png,148,19.13,2018-09-27,Apress,"Docker Across Microservices","Accelerating Development Velocity Using Docker","2025-08-13 21:23:03.442792"
9781484239568,"Dmitri Korotkevitch","2025-08-13 21:23:15.843042",https://itbook.store/img/books/9781484239568.png,320,24.23,2018-03-30,Apress,"Concurrency Internals for SQL Server Practitioners","Expert SQL Server Transactions and Locking","2025-08-13 21:23:15.843042"
9781484241271,"Bob Ward","2025-08-13 21:23:11.395978",https://itbook.store/img/books/9781484241271.png,605,30.90,2018-04-02,Apress,"Including Container-Based Deployment with Docker and Kubernetes","Pro SQL Server on Linux","2025-08-13 21:23:11.395978"
9781484243176,"Edward Pollack","2025-08-13 21:23:16.151607",https://itbook.store/img/books/9781484243176.png,496,30.40,2019-08-14,Apress,"Applications, Performance, and Security in Microsoft SQL Server","Dynamic SQL, 2nd Edition","2025-08-13 21:23:16.151607"
9781484243947,"Russ Ferguson","2025-08-13 21:23:02.599226",https://itbook.store/img/books/9781484243947.png,206,19.02,2019-01-01,Apress,"The Ultimate Guide to Modern JavaScript Development","Beginning JavaScript, 3nd Edition","2025-08-13 21:23:02.599226"
9781484248904,"Subhashini Chellappan, Dharanitharan Ganesan","2025-08-13 21:23:11.112268",https://itbook.store/img/books/9781484248904.png,247,19.19,2020-07-24,Apress,"With Data Modeling and Query Building Strategies","MongoDB Recipes","2025-08-13 21:23:11.112268"
9781484253519,"Philip Japikse, Kevin Grossnicklaus, Ben Dewey","2025-08-13 21:23:12.070981",https://itbook.store/img/books/9781484253519.png,615,37.70,2020-05-30,Apress,"Leveraging Modern JavaScript Frameworks","Building Web Applications with .NET Core 2.1 and JavaScript, 2nd edition","2025-08-13 21:23:12.070981"
9781484255452,"Carleton DiLeo","2025-08-13 21:23:08.144382",https://itbook.store/img/books/9781484255452.png,113,27.15,2019-09-16,Apress,"A Guide to Crafting Better Code for Rubyists","Clean Ruby","2025-08-13 21:23:08.144382"
9781484255803,"Lisa Bohm","2025-08-13 21:23:16.470162",https://itbook.store/img/books/9781484255803.png,236,23.99,2020-03-22,Apress,"Modern Practices for SQL Server Applications","Refactoring Legacy T-SQL for Improved Performance","2025-08-13 21:23:16.470162"
9781484255896,"Elizabeth Noble","2025-08-13 21:23:16.787974",https://itbook.store/img/books/9781484255896.png,406,24.62,2020-06-24,Apress,"Toward Speed, Scalability, and Standardization for SQL Server Developers","Pro T-SQL 2019","2025-08-13 21:23:16.787974"
9781484257371,"Frank Zammetti","2025-08-13 21:23:11.710235",https://itbook.store/img/books/9781484257371.png,373,25.03,2020-03-30,Apress,"Using TypeScript, React, Node.js, Webpack, and Docker","Modern Full-Stack Development","2025-08-13 21:23:11.710235"
9781484258255,"Edwin Sarmiento","2025-08-13 21:23:12.020886",https://itbook.store/img/books/9781484258255.png,347,32.99,2020-10-17,Apress,"Agile Deployment without Infrastructure Lock-in","The SQL Server DBA's Guide to Docker Containers","2025-08-13 21:23:12.020886"
9781484262122,"Andy Leonard, Kent Bradshaw","2025-08-13 21:23:17.128337",https://itbook.store/img/books/9781484262122.png,391,37.99,2020-08-15,Apress,"Building Metadata-Driven Frameworks with T-SQL, SSIS, and Azure Data Factory","SQL Server Data Automation Through Frameworks","2025-08-13 21:23:17.128337"
9781484264812,"Andy Leonard","2025-08-13 21:23:17.446462",https://itbook.store/img/books/9781484264812.png,692,34.99,2021-10-24,Apress,"The Power of .NET for ETL for SQL Server 2019 and Beyond","Building Custom Tasks for SQL Server Integration Services, 2nd Edition","2025-08-13 21:23:17.446462"
9781484268780,"Guy Harrison, Michael Harrison","2025-08-13 21:23:03.611688",https://itbook.store/img/books/9781484268780.png,349,34.74,2021-08-18,Apress,"Optimizing MongoDB Databases and their Applications","MongoDB Performance Tuning","2025-08-13 21:23:03.611688"
9781484270011,"Gio Lodi","2025-08-13 21:23:03.085527",https://itbook.store/img/books/9781484270011.png,288,39.80,2021-12-19,Apress,"Compile Better Code with XCTest and TDD","Test-Driven Development in Swift","2025-08-13 21:23:03.085527"
9781484271377,"Nabendu Biswas","2025-08-13 21:23:11.433228",https://itbook.store/img/books/9781484271377.png,285,47.45,2021-08-18,Apress,"Create Five Social Web Apps Using MongoDB, Express.js, React, and Node","MERN Projects for Beginners","2025-08-13 21:23:11.433228"
9781484278536,"Ashwin Pajankar","2025-08-13 21:23:08.467666",https://itbook.store/img/books/9781484278536.png,209,39.89,2022-02-15,Apress,"Automate, Organize, and Execute Unit Tests in Python","Python Unit Test Automation, 2nd Edition","2025-08-13 21:23:08.467666"
9781484281161,"Engy Fouda","2025-08-13 21:23:03.765051",https://itbook.store/img/books/9781484281161.png,201,41.40,2022-12-14,Apress,"Test-Prep for the Docker Certified Associate (DCA) Exam","A Complete Guide to Docker for Operations and Development","2025-08-13 21:23:03.765051"
9781484287309,"Nanik Tolaram","2025-08-13 21:23:12.325242",https://itbook.store/img/books/9781484287309.png,388,26.49,2023-04-10,Apress,"Cloud-Native Programming using Golang with Linux and Docker","Software Development with Go","2025-08-13 21:23:12.325242"
9781484288108,"Frank Zammetti","2025-08-13 21:23:12.638093",https://itbook.store/img/books/9781484288108.png,501,49.99,2022-10-07,Apress,"Using TypeScript, React, Node.js, Webpack, Python, Django, and Docker","Modern Full-Stack Development, 2nd Edition","2025-08-13 21:23:12.638093"
9781491915769,"Adrian Mouat","2025-08-13 21:23:12.951418",https://itbook.store/img/books/9781491915769.png,358,20.99,2015-06-04,"O'Reilly Media","Developing and Deploying Software with Containers","Using Docker","2025-08-13 21:23:12.951418"
9781491917572,"Karl Matthias, Sean P. Kane","2025-08-13 21:23:13.558503",https://itbook.store/img/books/9781491917572.png,224,24.34,2015-03-21,"O'Reilly Media","Shipping Reliable Containers in Production","Docker: Up & Running","2025-08-13 21:23:13.558503"
9781491919712,"Sebastien Goasguen","2025-08-13 21:23:13.867851",https://itbook.store/img/books/9781491919712.png,400,11.49,2015-10-30,"O'Reilly Media","Solutions and Examples for Building Distributed Applications","Docker Cookbook","2025-08-13 21:23:13.867851"
9781491920008,"Steven Feuerstein, Bill Pribyl, Chip Dawes","2025-08-13 21:23:18.065861",https://itbook.store/img/books/9781491920008.png,190,12.49,2015-09-01,"O'Reilly Media","A Guide to Oracle's PL/SQL Language Fundamentals","Oracle PL/SQL Language Pocket Reference, 5th Edition","2025-08-13 21:23:18.065861"
9781491941171,"C.J. Date","2025-08-13 21:23:18.401690",https://itbook.store/img/books/9781491941171.png,582,26.99,2015-12-06,"O'Reilly Media","How to Write Accurate SQL Code","SQL and Relational Theory, 3rd Edition","2025-08-13 21:23:18.401690"
9781491943533,"Nicolas Bevacqua","2025-08-13 21:23:12.730213",https://itbook.store/img/books/9781491943533.png,334,40.54,2017-01-13,"O'Reilly Media","Dive into ES6 and the Future of JavaScript","Practical Modern JavaScript","2025-08-13 21:23:12.730213"
9781491954461,"Shannon Bradshaw, Kristina Chodorow","2025-08-13 21:23:11.761160",https://itbook.store/img/books/9781491954461.png,514,29.11,2019-03-20,"O'Reilly Media","Powerful and Scalable Data Storage","MongoDB: The Definitive Guide, 3rd Edition","2025-08-13 21:23:11.761160"
9781491958704,"Harry Percival","2025-08-13 21:23:08.808646",https://itbook.store/img/books/9781491958704.png,614,51.87,2017-01-06,"O'Reilly Media","Obey the Testing Goat: Using Django, Selenium, and JavaScript","Test-Driven Development with Python, 2nd Edition","2025-08-13 21:23:08.808646"
9781491975190,"Geraldine A. Van der Auwera, Brian D. O'Connor","2025-08-13 21:23:14.181192",https://itbook.store/img/books/9781491975190.png,496,51.99,2020-11-01,"O'Reilly Media","Using Docker, GATK, and WDL in Terra","Genomics in the Cloud","2025-08-13 21:23:14.181192"
9781492036739,"Karl Matthias, Sean Kane","2025-08-13 21:23:14.490514",https://itbook.store/img/books/9781492036739.png,352,28.99,2018-05-07,"O'Reilly Media","Shipping Reliable Containers in Production","Docker: Up & Running, 2nd Edition","2025-08-13 21:23:14.490514"
9781492036814,"Michael Hausenblas","2025-08-13 21:23:14.800632",https://itbook.store/img/books/9781492036814.png,72,0.00,2018-05-01,"O'Reilly Media","From Docker to Kubernetes","Container Networking","2025-08-13 21:23:14.800632"
9781492077442,"Anthony Molinaro, Robert de Graaf","2025-08-13 21:23:18.719587",https://itbook.store/img/books/9781492077442.png,572,44.41,2020-08-12,"O'Reilly Media","Query Solutions and Techniques for All SQL Users","SQL Cookbook, 2nd Edition","2025-08-13 21:23:18.719587"
9781492090403,"Alice Zhao","2025-08-13 21:23:19.037037",https://itbook.store/img/books/9781492090403.png,356,28.14,2021-07-01,"O'Reilly Media","A Guide to SQL Usage","SQL Pocket Guide, 4th Edition","2025-08-13 21:23:19.037037"
9781509302772,"Marco Russo, Alberto Ferrari","2025-08-13 21:23:19.342349",https://itbook.store/img/books/9781509302772.png,512,45.42,2017-04-20,"Microsoft Press",,"Tabular Modeling in Microsoft SQL Server Analysis Services, 2nd Edition","2025-08-13 21:23:19.342349"
9781509303830,"Victor Isakov","2025-08-13 21:23:19.659237",https://itbook.store/img/books/9781509303830.png,416,30.24,2017-01-29,"Microsoft Press",,"Exam Ref 70-764 Administering a SQL Database Infrastructure","2025-08-13 21:23:19.659237"
9781509304332,"Itzik Ben-Gan","2025-08-13 21:23:19.995328",https://itbook.store/img/books/9781509304332.png,352,34.25,2017-04-19,"Microsoft Press",,"Exam Ref 70-761 Querying Data with Transact-SQL","2025-08-13 21:23:19.995328"
9781509305216,"William Assaf, Randolph West, Sven Aelterman, Mindy Curnutt","2025-08-13 21:23:20.304078",https://itbook.store/img/books/9781509305216.png,704,34.23,2018-04-09,"Microsoft Press",,"SQL Server 2017 Administration Inside Out","2025-08-13 21:23:20.304078"
9781617291210,"Ola Ellnestam, Daniel Brolund","2025-08-13 21:23:09.127847",https://itbook.store/img/books/9781617291210.png,240,27.76,2014-05-01,Manning,,"The Mikado Method","2025-08-13 21:23:09.127847"
9781617291609,"Kyle Banker, Peter Bakkum, Shaun Verch, Douglas Garrett, Tim Hawkins","2025-08-13 21:23:02.014169",https://itbook.store/img/books/9781617291609.png,480,19.99,2016-08-25,Manning,"Covers MongoDB version 3.0","MongoDB in Action, 2nd Edition","2025-08-13 21:23:02.014169"
9781617294761,"Jeff Nickoloff, Stephen Kuenzli","2025-08-13 21:23:15.106762",https://itbook.store/img/books/9781617294761.png,336,39.99,2019-10-06,Manning,,"Docker in Action, 2nd Edition","2025-08-13 21:23:15.106762"
9781617294808,"Ian Miell, Aidan Hobson Sayers","2025-08-13 21:23:04.086829",https://itbook.store/img/books/9781617294808.png,384,46.45,2019-04-27,Manning,,"Docker in Practice, 2nd Edition","2025-08-13 21:23:04.086829"
9781617297052,"Elton Stoneman","2025-08-13 21:23:15.411922",https://itbook.store/img/books/9781617297052.png,464,39.99,2020-03-23,Manning,,"Learn Docker in a Month of Lunches","2025-08-13 21:23:15.411922"
9781633430235,"Jeff Nickoloff, Ahmet Alp Balkan","2025-08-13 21:23:04.407967",https://itbook.store/img/books/9781633430235.png,304,27.21,2016-10-14,Manning,,"Docker in Action","2025-08-13 21:23:04.407967"
9781642001358,"Zoran Maksimovic","2025-08-13 21:23:12.080910",https://itbook.store/img/books/9781642001358.png,111,0.00,2017-11-17,Syncfusion,,"MongoDB 3 Succinctly","2025-08-13 21:23:12.080910"
9781680502732,"Rob Isenberg","2025-08-13 21:23:15.730899",https://itbook.store/img/books/9781680502732.png,238,29.31,2019-08-11,"The Pragmatic Programmers","Build, Ship, and Run Your Applications Everywhere","Docker for Rails Developers","2025-08-13 21:23:15.730899"
9781680502886,"Joe Morgan","2025-08-13 21:23:13.068177",https://itbook.store/img/books/9781680502886.png,282,39.44,2018-04-08,"The Pragmatic Programmers","Writing Modern JavaScript with ES5, ES6, and Beyond","Simplifying JavaScript","2025-08-13 21:23:13.068177"
9781680506464,"Trevor Burnham","2025-08-13 21:23:09.445763",https://itbook.store/img/books/9781680506464.png,190,34.72,2019-06-13,"The Pragmatic Programmers","Find Problems Early, Fix Them Quickly, Code with Confidence","Test-Driven React","2025-08-13 21:23:09.445763"
9781782160205,"Wojciech Bednarski","2025-08-13 21:23:13.412533",https://itbook.store/img/books/9781782160205.png,124,14.99,2013-10-18,"Packt Publishing","Learn to build well-structured JavaScript web applications using JavaScriptMVC","Learning JavaScriptMVC","2025-08-13 21:23:13.412533"
9781782160823,"Isaac Strack","2025-08-13 21:23:13.749651",https://itbook.store/img/books/9781782160823.png,130,14.99,2012-08-29,"Packt Publishing","Develop modern web applications in Meteor, one of the hottest new JavaScript platforms","Getting Started with Meteor.js JavaScript Framework","2025-08-13 21:23:13.749651"
9781782165224,"Charles Feduke","2025-08-13 21:23:10.076720",https://itbook.store/img/books/9781782165224.png,68,14.99,2013-03-09,"Packt Publishing","Learn RSpec and redefine your approach towards software development","Instant RSpec Test-Driven Development How-to","2025-08-13 21:23:10.076720"
9781782166283,"Jos Dirksen","2025-08-13 21:23:14.086150",https://itbook.store/img/books/9781782166283.png,402,29.99,2013-01-19,"Packt Publishing","Create and animate stunning 3D graphics using the open source Three.js JavaScript library","Learning Three.js: The JavaScript 3D Library for WebGL","2025-08-13 21:23:14.086150"
9781782168195,"Simon Holmes","2025-08-13 21:23:12.703735",https://itbook.store/img/books/9781782168195.png,142,23.99,2013-06-07,"Packt Publishing","Learn to speed up your application development by using Mongoose to harness the power of Node.js and MongoDB","Mongoose for Application Development","2025-08-13 21:23:12.703735"
9781782168355,"Bo Borland","2025-08-13 21:23:03.924000",https://itbook.store/img/books/9781782168355.png,146,16.99,2014-02-14,"Packt Publishing","Combine Pentaho Analytics and MongoDB to create powerful analysis and reporting solutions","Pentaho Analytics for MongoDB","2025-08-13 21:23:03.924000"
9781782172413,"Gethyn Ellis","2025-08-13 21:23:20.629243",https://itbook.store/img/books/9781782172413.png,106,16.99,2014-06-06,"Packt Publishing","Optimize your database server to be fast, efficient, and highly secure using the brand new features of SQL Server 2014","Getting Started with SQL Server 2014 Administration","2025-08-13 21:23:20.629243"
9781782172550,"Basit A. Masood-Al-Farooq","2025-08-13 21:23:20.954388",https://itbook.store/img/books/9781782172550.png,214,43.99,2014-11-23,"Packt Publishing","Design, implement, and deliver a successful database solution with Microsoft SQL Server 2014","SQL Server 2014 Development Essentials","2025-08-13 21:23:20.954388"
9781782174929,"Ravi Kumar Gupta, Hetal Prajapati, Harmeet Singh","2025-08-13 21:23:10.398023",https://itbook.store/img/books/9781782174929.png,240,39.99,2015-07-13,"Packt Publishing","Learn JavaScript test-driven development using popular frameworks and tools","Test-Driven JavaScript Development","2025-08-13 21:23:14.425035"
9781783281053,"Michael Larkin","2025-08-13 21:23:10.717568",https://itbook.store/img/books/9781783281053.png,106,17.99,2014-11-02,"Packt Publishing","Build highly effective Shopify apps using the powerful Ruby on Rails framework","Shopify Application Development","2025-08-13 21:23:10.717568"
9781783552092,"Fernando Monteiro","2025-08-13 21:23:13.022021",https://itbook.store/img/books/9781783552092.png,214,44.99,2014-09-07,"Packt Publishing","Build powerful and scalable single-page web applications using a full stack JavaScript environment with Node.js, MongoDB, AngularJS, and the Express framework","Learning Single-page Web Application Development","2025-08-13 21:23:13.022021"
9781783553273,"Joel Latino, Harris Ward","2025-08-13 21:23:04.241208",https://itbook.store/img/books/9781783553273.png,218,44.99,2015-03-01,"Packt Publishing","Over 50 recipes to learn how to use Pentaho Analytics and MongoDB to create powerful analysis and reporting solutions","Pentaho Analytics for MongoDB Cookbook","2025-08-13 21:23:04.241208"
9781783983285,"Amos Q. Haviv","2025-08-13 21:23:13.345824",https://itbook.store/img/books/9781783983285.png,354,4.83,2014-01-14,"Packt Publishing","Master real-time MEAN web application development and learn how to construct a MEAN application using a combination of MongoDB, Express, AngularJS, and Node.js","MEAN Web Development","2025-08-13 21:23:13.345824"
9781783984787,"Shrikrishna Holla","2025-08-13 21:23:04.784857",https://itbook.store/img/books/9781783984787.png,154,7.50,2015-12-21,"Packt Publishing","Manage and deploy Docker services to containerize applications efficiently","Orchestrating Docker","2025-08-13 21:23:04.784857"
9781783985500,"Muzzamil Hussain","2025-08-13 21:23:14.762957",https://itbook.store/img/books/9781783985500.png,188,49.99,2015-02-26,"Packt Publishing","Discover and explore the world of promises, one of JavaScript's most powerful concepts","Mastering JavaScript Promises","2025-08-13 21:23:14.762957"
9781783987429,"Viktor Farcic, Alex Garcia","2025-08-13 21:23:03.408183",https://itbook.store/img/books/9781783987429.png,284,49.33,2015-05-05,"Packt Publishing","Invoke TDD principles for end-to-end application development with Java","Test-Driven Java Development","2025-08-13 21:23:03.408183"
9781783987986,"Simon Timms","2025-08-13 21:23:15.100390",https://itbook.store/img/books/9781783987986.png,290,27.49,2014-02-24,"Packt Publishing","Discover how to use JavaScript design patterns to create powerful applications with reliable and maintainable code","Mastering JavaScript Design Patterns","2025-08-13 21:23:15.100390"
9781783988006,"Y.E Liang","2025-08-13 21:23:15.436069",https://itbook.store/img/books/9781783988006.png,112,24.99,2014-10-09,"Packt Publishing","Learn JavaScript security to make your web applications more secure","JavaScript Security","2025-08-13 21:23:15.436069"
9781784392642,"Enrique Amodeo","2025-08-13 21:23:15.742410",https://itbook.store/img/books/9781784392642.png,392,49.99,2015-01-13,"Packt Publishing","Create powerful yet simple-to-code BDD test suites in JavaScript using the most popular tools in the community","Learning Behavior-driven Development with JavaScript","2025-08-13 21:23:15.742410"
9781784393946,"Oskar Hane","2025-08-13 21:23:05.098117",https://itbook.store/img/books/9781784393946.png,138,18.71,2015-07-14,"Packt Publishing","Create, modify, and run your own PaaS with modularized containers using Docker","Build Your Own PaaS with Docker","2025-08-13 21:23:05.098117"
9781784394325,"Philipp Fehre","2025-08-13 21:23:11.039304",https://itbook.store/img/books/9781784394325.png,206,39.99,2015-05-31,"Packt Publishing","Speed up your application development by leveraging the patterns of domain-driven design","JavaScript Domain-Driven Design","2025-08-13 21:23:11.039304"
9781784395902,"Mani Tadayon","2025-08-13 21:23:11.361369",https://itbook.store/img/books/9781784395902.png,222,29.99,2016-07-21,"Packt Publishing","Develop testable, modular, and maintainable Ruby software for the real world using RSpec","RSpec Essentials","2025-08-13 21:23:11.361369"
9781784397296,"Chad R. Adams","2025-08-13 21:23:16.368810",https://itbook.store/img/books/9781784397296.png,208,44.99,2015-02-20,"Packt Publishing","Master the art of building, deploying, and optimizing faster web applications with JavaScript","Mastering JavaScript High Performance","2025-08-13 21:23:16.368810"
9781784397937,"Pethuru Raj, Jeeva S. Chelladhurai, Vinod Singh","2025-08-13 21:23:05.512440",https://itbook.store/img/books/9781784397937.png,240,49.99,2015-05-12,"Packt Publishing","Optimize the power of Docker to run your applications quickly and easily","Learning Docker","2025-08-13 21:23:05.512440"
9781784398224,"Dan Mantyla","2025-08-13 21:23:16.727235",https://itbook.store/img/books/9781784398224.png,172,29.99,2015-09-27,"Packt Publishing","Unlock the powers of functional programming hidden within JavaScript to build smarter, cleaner, and more reliable web apps","Functional Programming in JavaScript","2025-08-13 21:23:16.727235"
9781784398835,"Tim Chaplin","2025-08-13 21:23:11.681822",https://itbook.store/img/books/9781784398835.png,206,29.99,2015-01-30,"Packt Publishing","Implement the best practices to improve your AngularJS applications using test-driven development","AngularJS Test-driven Development","2025-08-13 21:23:11.681822"
9781785280276,"Francesco Marchioni","2025-08-13 21:23:13.665484",https://itbook.store/img/books/9781785280276.png,192,34.99,2015-06-14,"Packt Publishing","Design, build, and deliver efficient Java applications using the most advanced NoSQL database","MongoDB for Java Developers","2025-08-13 21:23:13.665484"
9781785281341,"Ved Antani","2025-08-13 21:23:17.044130",https://itbook.store/img/books/9781785281341.png,250,44.99,2016-08-29,"Packt Publishing","Explore and master modern JavaScript techniques in order to build large-scale web applications","Mastering JavaScript","2025-08-13 21:23:17.044130"
9781785282041,"Paulo Ragonha","2025-08-13 21:23:17.351880",https://itbook.store/img/books/9781785282041.png,134,33.99,2015-10-18,"Packt Publishing","Test your JavaScript applications efficiently using Jasmine and React.js","Jasmine JavaScript Testing, 2nd Edition","2025-08-13 21:23:17.351880"
9781785287527,"Mithun Satheesh, Bruno Joseph D'mello, Jason Krol","2025-08-13 21:23:04.549274",https://itbook.store/img/books/9781785287527.png,300,39.99,2015-01-18,"Packt Publishing","Build an interactive and full-featured web application from scratch using Node.js and MongoDB","Web Development with MongoDB and NodeJS, 2nd Edition","2025-08-13 21:23:04.549274"
9781785289989,"Cyrus Dasadia, Amol Nayak","2025-08-13 21:23:04.869363",https://itbook.store/img/books/9781785289989.png,371,44.99,2016-08-31,"Packt Publishing","Harness the latest features of MongoDB 3 with this collection of 80 recipes - from managing cloud platforms to app development, this book is a vital resource","MongoDB Cookbook, 2nd Edition","2025-08-13 21:23:04.869363"
9781785880735,"Dr. Dominik Hauser","2025-08-13 21:23:12.001867",https://itbook.store/img/books/9781785880735.png,218,39.99,2016-10-18,"Packt Publishing","Create fully-featured and highly functional iOS apps by writing tests first","Test-Driven iOS Development with Swift","2025-08-13 21:23:12.001867"
9781785881442,"Narayan Prusty","2025-08-13 21:23:17.669986",https://itbook.store/img/books/9781785881442.png,330,34.99,2016-07-18,"Packt Publishing","An example-driven guide that explores the world of modern web development with JavaScript","Modern JavaScript Applications","2025-08-13 21:23:17.669986"
9781785883286,"Scott Coulton","2025-08-13 21:23:16.049944",https://itbook.store/img/books/9781785883286.png,222,34.99,2016-05-20,"Packt Publishing","Learn about configuration management and gain complete control of your Docker containers using Puppet","Puppet for Containerization","2025-08-13 21:23:16.049944"
9781785888663,"Jayakrishnan Vijayaraghavan, Yogesh Dhanapal","2025-08-13 21:23:17.988641",https://itbook.store/img/books/9781785888663.png,286,29.92,2016-05-08,"Packt Publishing","A practical guide to get you creating powerful mapping applications using the rich set of features provided by the ArcGIS JavaScript API","ArcGIS for JavaScript Developers by Example","2025-08-13 21:23:17.988641"
9781785889233,"Adam Boduch","2025-08-13 21:23:18.307522",https://itbook.store/img/books/9781785889233.png,292,44.99,2015-11-14,"Packt Publishing","Build better software with concurrent JavaScript programming, and unlock a more efficient and forward thinking approach to web development","JavaScript Concurrency","2025-08-13 21:23:18.307522"
9781786463142,"Russ McKendrick","2025-08-13 21:23:05.939688",https://itbook.store/img/books/9781786463142.png,334,34.99,2016-01-03,"Packt Publishing","Master the art of making Docker more extensible, composable, and modular by leveraging plugins and other supporting tools","Extending Docker","2025-08-13 21:23:05.939688"
9781787122529,"Greg L. Turnquist, Bhaskar N. Das","2025-08-13 21:23:12.321976",https://itbook.store/img/books/9781787122529.png,396,44.99,2018-10-04,"Packt Publishing","Easy solutions to test your Python projects using test-driven development and Selenium","Python Testing Cookbook, 2nd Edition","2025-08-13 21:23:12.321976"
9781788292481,"Ayobami Adewole","2025-08-13 21:23:03.729216",https://itbook.store/img/books/9781788292481.png,300,39.99,2018-12-28,"Packt Publishing","Dive into TDD to create flexible, maintainable, and production-ready .NET Core applications","C# and .NET Core Test Driven Development","2025-08-13 21:23:03.729216"
9781788477321,"Daniel Li","2025-08-13 21:23:12.642284",https://itbook.store/img/books/9781788477321.png,764,44.99,2018-12-20,"Packt Publishing","Learn to build and deploy robust JavaScript applications using Cucumber, Mocha, Jenkins, Docker, and Kubernetes","Building Enterprise JavaScript Applications","2025-08-13 21:23:18.621850"
9781788623322,"Valentin Bojinov","2025-08-13 21:23:13.982858",https://itbook.store/img/books/9781788623322.png,178,29.99,2018-03-31,"Packt Publishing","Learn to create robust RESTful web services with Node.js, MongoDB, and Express.js","RESTful Web API Design with Node.js 10, 3rd Edition","2025-08-13 21:23:13.982858"
9781788623872,"Loiane Groner","2025-08-13 21:23:18.943398",https://itbook.store/img/books/9781788623872.png,426,44.99,2018-01-13,"Packt Publishing","Write complex and powerful JavaScript code using the latest ECMAScript","Learning JavaScript Data Structures and Algorithms, 3rd Edition","2025-08-13 21:23:18.943398"
9781788626507,"Justin Menga","2025-08-13 21:23:17.026530",https://itbook.store/img/books/9781788626507.png,822,49.99,2018-02-08,"Packt Publishing","Build, Deploy, and Manage Your Container Applications at Scale","Docker on Amazon Web Services","2025-08-13 21:23:17.026530"
9781788831147,"Aneeta Sharma","2025-08-13 21:23:14.301743",https://itbook.store/img/books/9781788831147.png,366,44.99,2018-03-19,"Packt Publishing","Build scalable and powerful web apps with modern web stack: MongoDB, Vue, Node.js, and Express","Full-Stack Web Development with Vue.js and Node","2025-08-13 21:23:14.301743"
9781788833912,"Fernando Monteiro","2025-08-13 21:23:17.344594",https://itbook.store/img/books/9781788833912.png,420,37.37,2018-08-18,"Packt Publishing","Become fluent in both frontend and backend web development with Docker, Angular and Laravel","Hands-On Full Stack Web Development with Angular 6 and Laravel 5","2025-08-13 21:23:17.344594"
9781788835534,"Shama Hoque","2025-08-13 21:23:14.622558",https://itbook.store/img/books/9781788835534.png,470,44.99,2018-09-13,"Packt Publishing","Modern web development using React 16, Node, Express, and MongoDB","Full-Stack React Projects","2025-08-13 21:23:14.622558"
9781788992749,"Federico Kereki","2025-08-13 21:23:19.280412",https://itbook.store/img/books/9781788992749.png,642,44.99,2018-06-29,"Packt Publishing","Easy solutions to common and everyday JavaScript development problems","Modern JavaScript Web Development Cookbook","2025-08-13 21:23:19.280412"
9781788997027,"Gabriel N. Schenker","2025-08-13 21:23:17.665774",https://itbook.store/img/books/9781788997027.png,398,39.99,2018-04-03,"Packt Publishing","Everything you need to know about containerizing your applications and running them in production","Learn Docker - Fundamentals of Docker 18.x","2025-08-13 21:23:17.665774"
9781788999939,"Andrea Koutifaris","2025-08-13 21:23:12.964456",https://itbook.store/img/books/9781788999939.png,152,29.99,2018-11-04,"Packt Publishing","Centralized State Management for your Vue.js applications","Vuex Quick Start Guide","2025-08-13 21:23:12.964456"
9781789343533,"Doug Bierer","2025-08-13 21:23:14.943144",https://itbook.store/img/books/9781789343533.png,192,29.99,2018-05-07,"Packt Publishing","Learn the skills you need to work with the world's most popular NoSQL database","MongoDB 4 Quick Start Guide","2025-08-13 21:23:14.943144"
9781789347326,"Earl Waud","2025-08-13 21:23:06.564327",https://itbook.store/img/books/9781789347326.png,230,29.99,2018-05-29,"Packt Publishing","Learn Docker like a boss, and finally own your applications","Docker Quick Start Guide","2025-08-13 21:23:06.564327"
9781789532401,"Joseph Muli","2025-08-13 21:23:06.884389",https://itbook.store/img/books/9781789532401.png,96,14.99,2018-03-23,"Packt Publishing","Automate the deployment of your environment with the power of the Docker toolchain","Beginning DevOps with Docker","2025-08-13 21:23:06.884389"
9781789616606,"Russ McKendrick, Scott Gallagher","2025-08-13 21:23:07.208040",https://itbook.store/img/books/9781789616606.png,426,49.99,2018-05-05,"Packt Publishing","Unlock new opportunities using Docker's most advanced features","Mastering Docker, 3rd Edition","2025-08-13 21:23:07.208040"
9781803232485,"Dr. Dominik Hauser","2025-08-13 21:23:04.051072",https://itbook.store/img/books/9781803232485.png,280,34.99,2022-01-04,"Packt Publishing","Write maintainable, flexible, and extensible code using the power of TDD with Swift 5.5","Test-Driven iOS Development with Swift, 4th Edition","2025-08-13 21:23:04.051072"
9781803237480,"Rafal Leszko","2025-08-13 21:23:18.000761",https://itbook.store/img/books/9781803237480.png,374,59.99,2022-08-15,"Packt Publishing","Create secure applications by building complete CI/CD pipelines","Continuous Delivery with Docker and Jenkins, 3rd Edition","2025-08-13 21:23:18.000761"
9781803242002,"Abdul Wahid Tanner","2025-08-13 21:23:13.590721",https://itbook.store/img/books/9781803242002.png,430,44.99,2022-11-06,"Packt Publishing","A simple guide to writing bug-free Agile code","Test-Driven Development with C++","2025-08-13 21:23:13.590721"
9781839215414,"Shama Hoque","2025-08-13 21:23:15.261330",https://itbook.store/img/books/9781839215414.png,716,33.00,2020-06-12,"Packt Publishing","Learn MERN stack development by building modern web apps using MongoDB, Express, React, and Node.js","Full-Stack React Projects, 2nd Edition","2025-08-13 21:23:15.261330"
9781849511162,"Matt Butcher, Larry Garfield, John Wilkins, Matt Farina","2025-08-13 21:23:13.909423",https://itbook.store/img/books/9781849511162.png,420,28.94,2010-09-02,"Packt Publishing","Create your Drupal 7 modules from scratch","Drupal 7 Module Development","2025-08-13 21:23:13.909423"
9781849513623,"Rubayeet Islam","2025-08-13 21:23:15.586088",https://itbook.store/img/books/9781849513623.png,292,26.99,2011-08-13,"Packt Publishing","Beginner's Guide","PHP and MongoDB Web Development","2025-08-13 21:23:15.586088"
9781849515023,"Gautam Rege","2025-08-13 21:23:16.228029",https://itbook.store/img/books/9781849515023.png,332,26.99,2012-05-27,"Packt Publishing",,"Ruby and MongoDB Web Development","2025-08-13 21:23:16.228029"
9781932394856,"Lasse Koskela","2025-08-13 21:23:04.375173",https://itbook.store/img/books/9781932394856.png,544,33.70,2007-07-01,Manning,"Practical TDD and Acceptance TDD for Java Developers","Test Driven","2025-08-13 21:23:04.375173"
9781934356531,"Jonathan McCracken","2025-08-13 21:23:14.232050",https://itbook.store/img/books/9781934356531.png,296,3.74,2010-05-30,"The Pragmatic Programmers",,"Test-Drive ASP.NET MVC","2025-08-13 21:23:14.232050"
9781934356623,"James W. Grenning","2025-08-13 21:23:14.553564",https://itbook.store/img/books/9781934356623.png,384,13.70,2011-11-03,"The Pragmatic Programmers",,"Test Driven Development for Embedded C","2025-08-13 21:23:14.553564"
9781935182870,"Kyle Banker","2025-08-13 21:23:16.539483",https://itbook.store/img/books/9781935182870.png,312,3.73,2011-08-20,Manning,,"MongoDB in Action","2025-08-13 21:23:16.539483"
9781937785482,"Jeff Langr","2025-08-13 21:23:14.872454",https://itbook.store/img/books/9781937785482.png,380,20.57,2013-01-17,"The Pragmatic Programmers","Code Better, Sleep Better","Modern C++ Programming with Test-Driven Development","2025-08-13 21:23:14.872454"
